step,loss,embedding_grad_l2_norm,output_proj_grad_l2_norm,embedding_grad_l2_norm_effective,output_proj_grad_l2_norm_effective,embedding_grad_l1_norm,output_proj_grad_l1_norm,embedding_grad_mean,output_proj_grad_mean,embedding_grad_abs_mean,output_proj_grad_abs_mean,embedding_grad_rolling_avg,output_proj_clip_threshold
1,0.0,3.151613327645464e-06,0.07809516787528992,3.151613327645464e-06,1.2644134667425534e-05,0.007289824541658163,24.453872680664062,9.01031297641762e-20,2.0998187319791126e-14,4.345074022804596e-10,1.8989134105140693e-06,7.693705010751728e-05,7.693705010751729e-06
2,0.0,1.8114791888734771e-09,0.10962457209825516,1.8114791888734771e-09,9.38817226625588e-09,3.4451800274837296e-06,32.187503814697266,-1.8766660147296815e-23,1.3523250521038145e-15,2.0534873172543822e-13,2.4994519662868697e-06,1.663052029421408e-08,1.663052029421408e-09
3,0.0,2.706523156634222e-13,0.13474367558956146,2.706523156634222e-13,1.9209536251171138e-12,4.5450659902357415e-10,37.32347106933594,1.533545599749647e-27,7.671556227458517e-15,2.709070438287104e-17,2.898274715334992e-06,7.146242983219892e-12,7.146242983219892e-13
4,0.0,3.8273693264942893e-17,0.1353645622730255,3.8273693264942893e-17,2.825794910963999e-16,5.883480009606645e-14,39.15913391113281,4.891862058743579e-31,-2.5441905120203792e-15,3.506827360157159e-21,3.0408191378228366e-06,9.014898084875115e-16,9.014898084875116e-17
5,0.0,5.109284617412646e-21,0.12235820293426514,5.109284617412646e-21,5.029346584180337e-20,1.236169643954154e-17,38.26870346069336,-1.8431751420893468e-35,-1.6333837765409448e-14,7.368145251000846e-25,2.9716745757468743e-06,1.403421042107106e-19,1.403421042107106e-20
6,0.0,0.0,0.11752844601869583,0.0,0.0,0.0,39.02694320678711,0.0,-2.209711092489991e-14,0.0,3.0305541258712765e-06,0.0,0.0
7,0.0,0.0,0.1422232836484909,0.0,0.0,0.0,41.502052307128906,0.0,-3.048028367178576e-15,0.0,3.2227535484707914e-06,0.0,0.0
8,0.0,0.0,0.13613437116146088,0.0,0.0,0.0,41.032161712646484,0.0,1.8208364029330577e-14,0.0,3.1862650757830124e-06,0.0,0.0
9,0.0,0.0,0.14180269837379456,0.0,0.0,0.0,42.25445556640625,0.0,3.4271427384359454e-14,0.0,3.2811797154863598e-06,0.0,0.0
10,0.0,0.0,0.14848592877388,0.0,0.0,0.0,41.47887420654297,0.0,-2.9510180648943674e-14,0.0,3.220953658455983e-06,0.0,0.0
11,0.0,0.0,0.13384662568569183,0.0,0.0,0.0,42.769256591796875,0.0,2.3430225587397352e-14,0.0,3.321155645608087e-06,0.0,0.0
12,0.0,0.0,0.13459283113479614,0.0,0.0,0.0,42.09547805786133,0.0,-1.885401743447401e-15,0.0,3.268834689151845e-06,0.0,0.0
13,0.0,0.0,0.14155510067939758,0.0,0.0,0.0,42.81789016723633,0.0,9.529838093517203e-15,0.0,3.3249320949835237e-06,0.0,0.0
14,0.0,0.0,0.14587020874023438,0.0,0.0,0.0,42.77821731567383,0.0,-1.8925206318525997e-14,0.0,3.3218514090549434e-06,0.0,0.0
15,0.0,0.0,0.14467459917068481,0.0,0.0,0.0,42.735111236572266,0.0,-2.1430412139148997e-15,0.0,3.318504013805068e-06,0.0,0.0
16,0.0,0.0,0.14772017300128937,0.0,0.0,0.0,42.476131439208984,0.0,4.429592149588662e-16,0.0,3.2983934943331406e-06,0.0,0.0
17,0.0,0.0,0.1431400179862976,0.0,0.0,0.0,42.73737716674805,0.0,-1.4328656669374343e-14,0.0,3.318680001029861e-06,0.0,0.0
18,0.0,0.0,0.13774670660495758,0.0,0.0,0.0,42.5897102355957,0.0,1.4353234177371874e-14,0.0,3.3072133192035835e-06,0.0,0.0
19,0.0,0.0,0.1447502225637436,0.0,0.0,0.0,43.23968505859375,0.0,-6.586617136308901e-15,0.0,3.357685727678472e-06,0.0,0.0
20,0.0,0.0,0.14822973310947418,0.0,0.0,0.0,43.08777618408203,0.0,3.722806703751816e-14,0.0,3.3458895813964773e-06,0.0,0.0
21,0.0,0.0,0.1389978528022766,0.0,0.0,0.0,43.22532653808594,0.0,2.6136853301778583e-14,0.0,3.3565706871740986e-06,0.0,0.0
22,0.0,0.0,0.14068488776683807,0.0,0.0,0.0,42.971351623535156,0.0,-2.093646233485881e-14,0.0,3.3368487493135035e-06,0.0,0.0
23,0.0,0.0,0.1410387009382248,0.0,0.0,0.0,43.082481384277344,0.0,1.8467557805256288e-14,0.0,3.3454782624176005e-06,0.0,0.0
24,0.0,0.0,0.14781484007835388,0.0,0.0,0.0,43.240997314453125,0.0,1.0528615299206217e-14,0.0,3.3577875910850707e-06,0.0,0.0
25,0.0,0.0,0.1468539535999298,0.0,0.0,0.0,43.2701301574707,0.0,-6.041110554101713e-15,0.0,3.3600497317820555e-06,0.0,0.0
26,0.0,0.0,0.14079104363918304,0.0,0.0,0.0,43.853729248046875,0.0,3.22600290664915e-14,0.0,3.405368033781997e-06,0.0,0.0
27,0.0,0.0,0.14600245654582977,0.0,0.0,0.0,43.1041145324707,0.0,-1.9652924510764162e-14,0.0,3.3471583265054505e-06,0.0,0.0
28,0.0,0.0,0.14932160079479218,0.0,0.0,0.0,43.01097869873047,0.0,-2.5448967257401525e-15,0.0,3.339926024636952e-06,0.0,0.0
29,0.0,0.0,0.15781676769256592,0.0,0.0,0.0,43.62460708618164,0.0,1.0479883799684783e-14,0.0,3.387576043678564e-06,0.0,0.0
30,0.0,0.0,0.15078526735305786,0.0,0.0,0.0,43.365264892578125,0.0,7.619717811086554e-15,0.0,3.3674373298708815e-06,0.0,0.0
31,0.0,0.0,0.14741240441799164,0.0,0.0,0.0,43.2841682434082,0.0,8.887433906759439e-16,0.0,3.3611399885558058e-06,0.0,0.0
32,0.0,0.0,0.14695937931537628,0.0,0.0,0.0,43.416015625,0.0,3.461466419282821e-15,0.0,3.3713781704136636e-06,0.0,0.0
33,0.0,0.0,0.15854127705097198,0.0,0.0,0.0,43.82993698120117,0.0,5.683889655190262e-16,0.0,3.4035203952953452e-06,0.0,0.0
34,0.0,0.0,0.1494419276714325,0.0,0.0,0.0,44.02025604248047,0.0,-2.7936374798220344e-14,0.0,3.4182992294518044e-06,0.0,0.0
35,0.0,0.0,0.15441834926605225,0.0,0.0,0.0,43.617401123046875,0.0,5.36239143909302e-14,0.0,3.3870164770632982e-06,0.0,0.0
36,0.0,0.0,0.13921724259853363,0.0,0.0,0.0,43.58555603027344,0.0,4.6174544222898906e-14,0.0,3.3845435609691776e-06,0.0,0.0
37,0.0,0.0,0.14495474100112915,0.0,0.0,0.0,43.41876983642578,0.0,2.2840790605996135e-14,0.0,3.3715921290422557e-06,0.0,0.0
38,0.0,0.0,0.14339607954025269,0.0,0.0,0.0,43.56966781616211,0.0,1.7698734798153766e-14,0.0,3.3833098314062227e-06,0.0,0.0
39,0.0,0.0,0.14966624975204468,0.0,0.0,0.0,43.55229568481445,0.0,1.0093283562997817e-14,0.0,3.381960823389818e-06,0.0,0.0
40,0.0,0.0,0.1413649320602417,0.0,0.0,0.0,43.599632263183594,0.0,3.5748476661517925e-14,0.0,3.3856365462270333e-06,0.0,0.0
41,0.0,0.0,0.14214487373828888,0.0,0.0,0.0,43.31177520751953,0.0,2.0058736301727803e-14,0.0,3.3632836675678845e-06,0.0,0.0
42,0.0,0.0,0.1400395780801773,0.0,0.0,0.0,43.97704315185547,0.0,1.2246071161520298e-14,0.0,3.414943648749613e-06,0.0,0.0
43,0.0,0.0,0.1427679806947708,0.0,0.0,0.0,43.504295349121094,0.0,-1.119008789167257e-14,0.0,3.378233486728277e-06,0.0,0.0
44,0.0,0.0,0.15492761135101318,0.0,0.0,0.0,43.62910461425781,0.0,7.457422063227893e-15,0.0,3.387925289644045e-06,0.0,0.0
45,0.0,0.0,0.15021182596683502,0.0,0.0,0.0,43.52958679199219,0.0,-1.330826911210203e-14,0.0,3.3801973131630803e-06,0.0,0.0
46,0.0,0.0,0.15170250833034515,0.0,0.0,0.0,43.75374221801758,0.0,1.9028388484028727e-14,0.0,3.3976036775129614e-06,0.0,0.0
47,0.0,0.0,0.14438997209072113,0.0,0.0,0.0,43.418304443359375,0.0,2.0810184969016245e-14,0.0,3.3715559766278602e-06,0.0,0.0
48,0.0,0.0,0.14968501031398773,0.0,0.0,0.0,43.672786712646484,0.0,6.063837718625967e-14,0.0,3.391317250134307e-06,0.0,0.0
49,0.0,0.0,0.14882273972034454,0.0,0.0,0.0,42.9743766784668,0.0,-3.431267111262716e-14,0.0,3.3370836263202364e-06,0.0,0.0
50,0.0,0.0,0.13991251587867737,0.0,0.0,0.0,43.3612174987793,0.0,1.8636208841318197e-14,0.0,3.367123099451419e-06,0.0,0.0
51,0.0,0.0,0.14180350303649902,0.0,0.0,0.0,43.826622009277344,0.0,-3.950896667524696e-15,0.0,3.4032630082947435e-06,0.0,0.0
52,0.0,0.0,0.14172977209091187,0.0,0.0,0.0,43.459354400634766,0.0,-1.9417320602419484e-14,0.0,3.374743528183899e-06,0.0,0.0
53,0.0,0.0,0.1477765142917633,0.0,0.0,0.0,43.98061752319336,0.0,5.761535047882696e-14,0.0,3.4152212720073294e-06,0.0,0.0
54,0.0,0.0,0.14771457016468048,0.0,0.0,0.0,43.79658508300781,0.0,1.4131754543422661e-14,0.0,3.400930609132047e-06,0.0,0.0
55,0.0,0.0,0.13417382538318634,0.0,0.0,0.0,43.519927978515625,0.0,4.990989175765459e-14,0.0,3.3794474347814685e-06,0.0,0.0
56,0.0,0.0,0.15268373489379883,0.0,0.0,0.0,43.78742980957031,0.0,-1.0926657256944694e-14,0.0,3.400219611648936e-06,0.0,0.0
57,0.0,0.0,0.15632212162017822,0.0,0.0,0.0,43.30528259277344,0.0,1.0726082396133717e-14,0.0,3.362779580129427e-06,0.0,0.0
58,0.0,0.0,0.14120535552501678,0.0,0.0,0.0,43.34645462036133,0.0,-4.655733111725733e-15,0.0,3.365976681379834e-06,0.0,0.0
59,0.0,0.0,0.14310820400714874,0.0,0.0,0.0,43.228878021240234,0.0,-3.0863776568105725e-14,0.0,3.356846491442411e-06,0.0,0.0
60,0.0,0.0,0.15276065468788147,0.0,0.0,0.0,43.277713775634766,0.0,-2.956922350404851e-15,0.0,3.3606386296014534e-06,0.0,0.0
61,0.0,0.0,0.1396743804216385,0.0,0.0,0.0,43.31742477416992,0.0,4.592128137166987e-14,0.0,3.36372249876149e-06,0.0,0.0
62,0.0,0.0,0.14766952395439148,0.0,0.0,0.0,43.677879333496094,0.0,6.3217736506250045e-15,0.0,3.3917126529559027e-06,0.0,0.0
63,0.0,0.0,0.14401017129421234,0.0,0.0,0.0,43.914520263671875,0.0,3.7154615728464055e-14,0.0,3.410088538657874e-06,0.0,0.0
64,0.0,0.0,0.14610256254673004,0.0,0.0,0.0,43.39916229248047,0.0,9.001846882109813e-15,0.0,3.370069634911488e-06,0.0,0.0
65,0.0,0.0,0.14032544195652008,0.0,0.0,0.0,44.07261657714844,0.0,-7.297244744770316e-15,0.0,3.4223651255160803e-06,0.0,0.0
66,0.0,0.0,0.1463559865951538,0.0,0.0,0.0,43.291542053222656,0.0,4.1989312078868045e-15,0.0,3.361712515470572e-06,0.0,0.0
67,0.0,0.0,0.14455312490463257,0.0,0.0,0.0,43.735843658447266,0.0,-5.460150137337775e-15,0.0,3.396213742234977e-06,0.0,0.0
68,0.0,0.0,0.14676010608673096,0.0,0.0,0.0,43.888031005859375,0.0,-5.520040131268983e-16,0.0,3.408031489016139e-06,0.0,0.0
69,0.0,0.0,0.14175273478031158,0.0,0.0,0.0,43.40718078613281,0.0,1.4039392207381568e-13,0.0,3.3706921840348514e-06,0.0,0.0
70,0.0,0.0,0.13750006258487701,0.0,0.0,0.0,43.89509201049805,0.0,1.869885370403123e-14,0.0,3.408579914321308e-06,0.0,0.0
71,0.0,0.0,0.13944022357463837,0.0,0.0,0.0,43.0821533203125,0.0,8.911164381809715e-15,0.0,3.345452796565951e-06,0.0,0.0
72,0.0,0.0,0.1472814381122589,0.0,0.0,0.0,43.66181182861328,0.0,-5.812427328452576e-15,0.0,3.3904650535987457e-06,0.0,0.0
73,0.0,0.0,0.14731082320213318,0.0,0.0,0.0,43.87450408935547,0.0,-2.8078190136447342e-14,0.0,3.4069812500092667e-06,0.0,0.0
74,0.0,0.0,0.13716153800487518,0.0,0.0,0.0,42.906883239746094,0.0,3.685205894783661e-14,0.0,3.33184266310127e-06,0.0,0.0
75,0.0,0.0,0.15243683755397797,0.0,0.0,0.0,43.867095947265625,0.0,-1.7397872083420828e-14,0.0,3.4064059946103953e-06,0.0,0.0
76,0.0,0.0,0.1408974677324295,0.0,0.0,0.0,44.014869689941406,0.0,3.4097689809570164e-16,0.0,3.4178810892626643e-06,0.0,0.0
77,0.0,0.0,0.1487991362810135,0.0,0.0,0.0,43.22290802001953,0.0,1.6625942159467777e-14,0.0,3.3563828765181825e-06,0.0,0.0
78,0.0,0.0,0.15387316048145294,0.0,0.0,0.0,43.431251525878906,0.0,4.396398304814305e-15,0.0,3.37256142302067e-06,0.0,0.0
79,0.0,0.0,0.13699840009212494,0.0,0.0,0.0,43.579994201660156,0.0,4.7115267484449004e-15,0.0,3.3841115509858355e-06,0.0,0.0
80,0.0,0.0,0.14879100024700165,0.0,0.0,0.0,43.90653991699219,0.0,4.4069921458856146e-15,0.0,3.409468945392291e-06,0.0,0.0
81,0.0,0.0,0.14369894564151764,0.0,0.0,0.0,43.25007629394531,0.0,-5.762142370505877e-15,0.0,3.35849267685262e-06,0.0,0.0
82,0.0,0.0,0.14765319228172302,0.0,0.0,0.0,44.03470993041992,0.0,1.5721096937162325e-16,0.0,3.4194215459137922e-06,0.0,0.0
83,0.0,0.0,0.15124425292015076,0.0,0.0,0.0,43.527320861816406,0.0,4.614558840159702e-15,0.0,3.380021325938287e-06,0.0,0.0
84,0.0,0.0,0.14649724960327148,0.0,0.0,0.0,44.02066421508789,0.0,8.099091194794031e-14,0.0,3.4183310617663665e-06,0.0,0.0
85,0.0,0.0,0.14293628931045532,0.0,0.0,0.0,43.36736297607422,0.0,-1.1218054590250303e-15,0.0,3.367600129422499e-06,0.0,0.0
86,0.0,0.0,0.14354020357131958,0.0,0.0,0.0,43.37143325805664,0.0,1.1902763625800446e-14,0.0,3.3679164062050404e-06,0.0,0.0
87,0.0,0.0,0.1455039381980896,0.0,0.0,0.0,43.93989562988281,0.0,-1.2413593102663517e-14,0.0,3.412058958929265e-06,0.0,0.0
88,0.0,0.0,0.14747193455696106,0.0,0.0,0.0,43.88632583618164,0.0,-4.020391485682175e-15,0.0,3.407899157537031e-06,0.0,0.0
89,0.0,0.0,0.14185994863510132,0.0,0.0,0.0,43.358062744140625,0.0,-6.527715735706258e-15,0.0,3.366877990629291e-06,0.0,0.0
90,0.0,0.0,0.15840165317058563,0.0,0.0,0.0,43.837501525878906,0.0,-1.6137642911968723e-14,0.0,3.4041079288726905e-06,0.0,0.0
91,0.0,0.0,0.1500190943479538,0.0,0.0,0.0,43.2867546081543,0.0,-1.6225217648385346e-14,0.0,3.361340759511222e-06,0.0,0.0
92,0.0,0.0,0.1570693403482437,0.0,0.0,0.0,44.034645080566406,0.0,1.0156987216894918e-14,0.0,3.4194165436929325e-06,0.0,0.0
93,0.0,0.0,0.13844728469848633,0.0,0.0,0.0,42.90803146362305,0.0,3.356348402330789e-14,0.0,3.3319317935820436e-06,0.0,0.0
94,0.0,0.0,0.14060132205486298,0.0,0.0,0.0,43.23277282714844,0.0,-2.975496639443659e-14,0.0,3.3571488984307507e-06,0.0,0.0
95,0.0,0.0,0.14689244329929352,0.0,0.0,0.0,43.255760192871094,0.0,1.7454513176603723e-14,0.0,3.3589340091566555e-06,0.0,0.0
96,0.0,0.0,0.14242713153362274,0.0,0.0,0.0,43.81236267089844,0.0,-2.2571710155630954e-16,0.0,3.402155698495335e-06,0.0,0.0
97,0.0,0.0,0.14316938817501068,0.0,0.0,0.0,43.70917510986328,0.0,1.141199104209541e-14,0.0,3.39414282279904e-06,0.0,0.0
98,0.0,0.0,0.13852788507938385,0.0,0.0,0.0,43.84756088256836,0.0,2.53681725962112e-14,0.0,3.404888957447838e-06,0.0,0.0
99,0.0,0.0,0.14142154157161713,0.0,0.0,0.0,43.64905548095703,0.0,1.4666526253572822e-14,0.0,3.3894743864948396e-06,0.0,0.0
100,0.0,0.0,0.1506635546684265,0.0,0.0,0.0,43.522010803222656,0.0,-2.7683820066535213e-14,0.0,3.3796090974647086e-06,0.0,0.0
101,0.0,0.0,0.14388905465602875,0.0,0.0,0.0,44.647132873535156,0.0,6.809367658492174e-14,0.0,3.466978114374797e-06,0.0,0.0
102,0.0,0.0,0.14496329426765442,0.0,0.0,0.0,43.75070571899414,0.0,-4.4069921458856146e-15,0.0,3.397367891011527e-06,0.0,0.0
103,0.0,0.0,0.14216862618923187,0.0,0.0,0.0,43.54975891113281,0.0,-1.6937540169774216e-14,0.0,3.3817636904132087e-06,0.0,0.0
104,0.0,0.0,0.1437893509864807,0.0,0.0,0.0,43.37623596191406,0.0,9.18123406077817e-15,0.0,3.3682892990327673e-06,0.0,0.0
105,0.0,0.0,0.14996877312660217,0.0,0.0,0.0,43.68126678466797,0.0,3.357068719149134e-14,0.0,3.3919757242983906e-06,0.0,0.0
106,0.0,0.0,0.14992643892765045,0.0,0.0,0.0,43.41261672973633,0.0,-1.1394405791077464e-14,0.0,3.3711144169501495e-06,0.0,0.0
107,0.0,0.0,0.13579100370407104,0.0,0.0,0.0,43.51014709472656,0.0,6.679220707333372e-14,0.0,3.3786877793318126e-06,0.0,0.0
108,0.0,0.0,0.14830006659030914,0.0,0.0,0.0,43.870121002197266,0.0,-2.1140002658018124e-14,0.0,3.406640871617128e-06,0.0,0.0
109,0.0,0.0,0.13944409787654877,0.0,0.0,0.0,42.71440124511719,0.0,2.3559045746147575e-14,0.0,3.316895799798658e-06,0.0,0.0
110,0.0,0.0,0.1403496265411377,0.0,0.0,0.0,43.32305908203125,0.0,-2.5470295970529862e-14,0.0,3.3641599657130428e-06,0.0,0.0
111,0.0,0.0,0.14367376267910004,0.0,0.0,0.0,43.43776321411133,0.0,-1.890430154538776e-14,0.0,3.373067102074856e-06,0.0,0.0
112,0.0,0.0,0.1536625474691391,0.0,0.0,0.0,43.792938232421875,0.0,6.103797344945636e-14,0.0,3.4006473015324445e-06,0.0,0.0
113,0.0,0.0,0.15200796723365784,0.0,0.0,0.0,43.81126403808594,0.0,-1.8181526637429772e-14,0.0,3.4020704333670437e-06,0.0,0.0
114,0.0,0.0,0.14887693524360657,0.0,0.0,0.0,43.371498107910156,0.0,2.4625199340592985e-14,0.0,3.3679214084259e-06,0.0,0.0
115,0.0,0.0,0.1544085144996643,0.0,0.0,0.0,43.900917053222656,0.0,1.1077511283751843e-14,0.0,3.4090321605617646e-06,0.0,0.0
116,0.0,0.0,0.15302301943302155,0.0,0.0,0.0,43.90987777709961,0.0,7.346187155495617e-15,0.0,3.4097281513822963e-06,0.0,0.0
117,0.0,0.0,0.1528152972459793,0.0,0.0,0.0,44.19834899902344,0.0,5.875989527847486e-15,0.0,3.432128778513288e-06,0.0,0.0
118,0.0,0.0,0.15622691810131073,0.0,0.0,0.0,43.81886672973633,0.0,-4.067357006211879e-14,0.0,3.4026606954284944e-06,0.0,0.0
119,0.0,0.0,0.15756089985370636,0.0,0.0,0.0,44.02030563354492,0.0,1.558832214040005e-15,0.0,3.418303094804287e-06,0.0,0.0
120,0.0,0.0,0.1520652174949646,0.0,0.0,0.0,43.581207275390625,0.0,-2.877213712507848e-13,0.0,3.3842059110611444e-06,0.0,0.0
121,0.0,0.0,0.15795032680034637,0.0,0.0,0.0,43.63138961791992,0.0,-1.8536939290405424e-13,0.0,3.3881026411108905e-06,0.0,0.0
122,0.0,0.0,0.13991351425647736,0.0,0.0,0.0,43.1657600402832,0.0,1.9056709877653122e-14,0.0,3.351945224494557e-06,0.0,0.0
123,0.0,0.0,0.14150398969650269,0.0,0.0,0.0,43.823246002197266,0.0,4.176246479713208e-14,0.0,3.4030008464469574e-06,0.0,0.0
124,0.0,0.0,0.1499503254890442,0.0,0.0,0.0,44.02058410644531,0.0,3.140123083159984e-15,0.0,3.418324695303454e-06,0.0,0.0
125,0.0,0.0,0.14443956315517426,0.0,0.0,0.0,43.990936279296875,0.0,-4.3934958617172434e-14,0.0,3.4160225368395913e-06,0.0,0.0
126,0.0,0.0,0.14947710931301117,0.0,0.0,0.0,43.31072998046875,0.0,9.43548285835781e-15,0.0,3.3632024951657513e-06,0.0,0.0
127,0.0,0.0,0.14281097054481506,0.0,0.0,0.0,44.21000671386719,0.0,5.730968678134898e-14,0.0,3.4330339531152276e-06,0.0,0.0
128,0.0,0.0,0.14745450019836426,0.0,0.0,0.0,43.555152893066406,0.0,1.6353895929116903e-15,0.0,3.3821827400970506e-06,0.0,0.0
129,0.0,0.0,0.15089039504528046,0.0,0.0,0.0,43.36545944213867,0.0,-8.321022974930488e-15,0.0,3.3674523365334608e-06,0.0,0.0
130,0.0,0.0,0.1372670829296112,0.0,0.0,0.0,42.69860076904297,0.0,2.7598223999083377e-14,0.0,3.3156688914459664e-06,0.0,0.0
131,0.0,0.0,0.14352361857891083,0.0,0.0,0.0,43.086524963378906,0.0,8.396167502846153e-15,0.0,3.3457922654633876e-06,0.0,0.0
132,0.0,0.0,0.14817355573177338,0.0,0.0,0.0,43.562255859375,0.0,2.671174091582718e-15,0.0,3.3827341212600004e-06,0.0,0.0
133,0.0,0.0,0.1419837772846222,0.0,0.0,0.0,44.21187210083008,0.0,-2.0428386562107263e-14,0.0,3.433178790146485e-06,0.0,0.0
134,0.0,0.0,0.14300909638404846,0.0,0.0,0.0,43.14378356933594,0.0,-2.7414316205575523e-14,0.0,3.35023855768668e-06,0.0,0.0
135,0.0,0.0,0.14815765619277954,0.0,0.0,0.0,44.064491271972656,0.0,3.4250238855183888e-15,0.0,3.4217341635667253e-06,0.0,0.0
136,0.0,0.0,0.15071605145931244,0.0,0.0,0.0,44.02994918823242,0.0,2.3731652426073162e-14,0.0,3.419052063691197e-06,0.0,0.0
137,0.0,0.0,0.15507633984088898,0.0,0.0,0.0,43.62266159057617,0.0,-3.146182926271231e-14,0.0,3.3874248401843943e-06,0.0,0.0
138,0.0,0.0,0.14464552700519562,0.0,0.0,0.0,43.59682846069336,0.0,1.5273618483792502e-14,0.0,3.385418949619634e-06,0.0,0.0
139,0.0,0.0,0.14191509783267975,0.0,0.0,0.0,43.160972595214844,0.0,1.8559935218483842e-14,0.0,3.3515734685352072e-06,0.0,0.0
140,0.0,0.0,0.15403784811496735,0.0,0.0,0.0,44.242881774902344,0.0,6.34366733472916e-15,0.0,3.435586677369429e-06,0.0,0.0
141,0.0,0.0,0.14173509180545807,0.0,0.0,0.0,44.161827087402344,0.0,3.5668811518762764e-14,0.0,3.4292927466594847e-06,0.0,0.0
142,0.0,0.0,0.14126469194889069,0.0,0.0,0.0,43.445194244384766,0.0,-1.461666481209975e-14,0.0,3.3736439490894554e-06,0.0,0.0
143,0.0,0.0,0.1583331674337387,0.0,0.0,0.0,44.03846740722656,0.0,2.2687252331779137e-14,0.0,3.4197134937130613e-06,0.0,0.0
144,0.0,0.0,0.14737927913665771,0.0,0.0,0.0,43.47250747680664,0.0,2.1225317510531472e-14,0.0,3.3757651181076653e-06,0.0,0.0
145,0.0,0.0,0.1479996293783188,0.0,0.0,0.0,43.60784912109375,0.0,-8.065360987581649e-14,0.0,3.3862747841340024e-06,0.0,0.0
146,0.0,0.0,0.1420040875673294,0.0,0.0,0.0,43.98870086669922,0.0,-3.5357706481631626e-14,0.0,3.4158488233515527e-06,0.0,0.0
147,0.0,0.0,0.14831838011741638,0.0,0.0,0.0,44.243690490722656,0.0,-2.8257859377087136e-14,0.0,3.4356496598775266e-06,0.0,0.0
148,0.0,0.0,0.14573884010314941,0.0,0.0,0.0,43.15800476074219,0.0,2.815135684243117e-14,0.0,3.3513429116283078e-06,0.0,0.0
149,0.0,0.0,0.15520866215229034,0.0,0.0,0.0,43.46185302734375,0.0,1.4863146317553068e-14,0.0,3.3749377053027274e-06,0.0,0.0
150,0.0,0.0,0.15173381567001343,0.0,0.0,0.0,43.28678894042969,0.0,-1.1294965817135703e-14,0.0,3.3613434879953275e-06,0.0,0.0
151,0.0,0.0,0.14142820239067078,0.0,0.0,0.0,43.554664611816406,0.0,-1.2598347929118625e-14,0.0,3.3821447686932515e-06,0.0,0.0
152,0.0,0.0,0.14275939762592316,0.0,0.0,0.0,44.437644958496094,0.0,-3.83591956823145e-15,0.0,3.450710664765211e-06,0.0,0.0
153,0.0,0.0,0.1445547491312027,0.0,0.0,0.0,43.4780387878418,0.0,1.369666370338446e-13,0.0,3.3761946269805776e-06,0.0,0.0
154,0.0,0.0,0.1465577483177185,0.0,0.0,0.0,44.05816650390625,0.0,4.136781435931441e-15,0.0,3.421243036427768e-06,0.0,0.0
155,0.0,0.0,0.1479395180940628,0.0,0.0,0.0,44.145042419433594,0.0,1.1765115689673939e-14,0.0,3.4279892133781686e-06,0.0,0.0
156,0.0,0.0,0.1372848004102707,0.0,0.0,0.0,44.04217529296875,0.0,9.03207426927212e-14,0.0,3.4200013487861725e-06,0.0,0.0
157,0.0,0.0,0.1472824513912201,0.0,0.0,0.0,43.341575622558594,0.0,1.5724487345352388e-14,0.0,3.3655978768365458e-06,0.0,0.0
158,0.0,0.0,0.1554313749074936,0.0,0.0,0.0,43.918556213378906,0.0,-5.557047741888352e-15,0.0,3.4104018595826346e-06,0.0,0.0
159,0.0,0.0,0.14513513445854187,0.0,0.0,0.0,43.5848274230957,0.0,2.915380678297948e-14,0.0,3.3844869449239923e-06,0.0,0.0
160,0.0,0.0,0.152131125330925,0.0,0.0,0.0,43.610015869140625,0.0,1.6097782557910473e-13,0.0,3.3864430406538304e-06,0.0,0.0
161,0.0,0.0,0.14615553617477417,0.0,0.0,0.0,43.51496887207031,0.0,4.1827157785511576e-14,0.0,3.3790622637752676e-06,0.0,0.0
162,0.0,0.0,0.15475401282310486,0.0,0.0,0.0,43.99521255493164,0.0,2.0618084672842547e-14,0.0,3.4163545024057385e-06,0.0,0.0
163,0.0,0.0,0.15299755334854126,0.0,0.0,0.0,44.21825408935547,0.0,-1.1603102003786715e-14,0.0,3.4336744647589512e-06,0.0,0.0
164,0.0,0.0,0.14823198318481445,0.0,0.0,0.0,43.83476257324219,0.0,3.590067154148058e-14,0.0,3.4038951071124757e-06,0.0,0.0
165,0.0,0.0,0.14869628846645355,0.0,0.0,0.0,43.6723747253418,0.0,1.3510114522333888e-14,0.0,3.3912851904460695e-06,0.0,0.0
166,0.0,0.0,0.1476505845785141,0.0,0.0,0.0,44.03923416137695,0.0,5.65044193346579e-14,0.0,3.4197730656160275e-06,0.0,0.0
167,0.0,0.0,0.15254640579223633,0.0,0.0,0.0,42.89179992675781,0.0,-1.2054818745326802e-14,0.0,3.3306714612990618e-06,0.0,0.0
168,0.0,0.0,0.14929965138435364,0.0,0.0,0.0,43.946468353271484,0.0,2.165330462405423e-14,0.0,3.412569412830635e-06,0.0,0.0
169,0.0,0.0,0.15606826543807983,0.0,0.0,0.0,44.2418212890625,0.0,-2.1379421602757236e-14,0.0,3.4355043680989183e-06,0.0,0.0
170,0.0,0.0,0.1472914069890976,0.0,0.0,0.0,43.34061813354492,0.0,-1.0036642469814921e-14,0.0,3.365523525644676e-06,0.0,0.0
171,0.0,0.0,0.14897944033145905,0.0,0.0,0.0,43.117279052734375,0.0,2.4817580428188697e-15,0.0,3.3481805985502433e-06,0.0,0.0
172,0.0,0.0,0.14944414794445038,0.0,0.0,0.0,43.981693267822266,0.0,7.753481254116953e-15,0.0,3.415304718146217e-06,0.0,0.0
173,0.0,0.0,0.14375336468219757,0.0,0.0,0.0,43.58803176879883,0.0,5.954835420336063e-14,0.0,3.384735691724927e-06,0.0,0.0
174,0.0,0.0,0.14761315286159515,0.0,0.0,0.0,43.82844924926758,0.0,1.5095360611801071e-15,0.0,3.40340488946822e-06,0.0,0.0
175,0.0,0.0,0.14688464999198914,0.0,0.0,0.0,42.8244743347168,0.0,6.434208380527067e-15,0.0,3.3254434583795955e-06,0.0,0.0
176,0.0,0.0,0.14097048342227936,0.0,0.0,0.0,43.61487579345703,0.0,3.718456003721539e-14,0.0,3.3868202535813907e-06,0.0,0.0
177,0.0,0.0,0.15644609928131104,0.0,0.0,0.0,43.852073669433594,0.0,-4.564627094952008e-15,0.0,3.405239340281696e-06,0.0,0.0
178,0.0,0.0,0.16529199481010437,0.0,0.0,0.0,43.866798400878906,0.0,-1.5397776573201037e-14,0.0,3.4063828024955e-06,0.0,0.0
179,0.0,0.0,0.14445438981056213,0.0,0.0,0.0,43.54308319091797,0.0,1.3185578930791086e-13,0.0,3.3812455058068736e-06,0.0,0.0
180,0.0,0.0,0.15850117802619934,0.0,0.0,0.0,43.667381286621094,0.0,5.337545506354504e-15,0.0,3.3908975183294388e-06,0.0,0.0
181,0.0,0.0,0.14501173794269562,0.0,0.0,0.0,43.68198013305664,0.0,-2.7258800956459633e-14,0.0,3.3920312034751987e-06,0.0,0.0
182,0.0,0.0,0.14724642038345337,0.0,0.0,0.0,43.64441680908203,0.0,-6.7206630648272096e-15,0.0,3.3891142265929375e-06,0.0,0.0
183,0.0,0.0,0.13778583705425262,0.0,0.0,0.0,43.550689697265625,0.0,1.0464911645309116e-14,0.0,3.3818359952419996e-06,0.0,0.0
184,0.0,0.0,0.1539461463689804,0.0,0.0,0.0,43.45752716064453,0.0,-4.4819393151245696e-14,0.0,3.3746016470104223e-06,0.0,0.0
185,0.0,0.0,0.14535556733608246,0.0,0.0,0.0,44.056602478027344,0.0,1.955362683835754e-14,0.0,3.4211216188850813e-06,0.0,0.0
186,0.0,0.0,0.1467684954404831,0.0,0.0,0.0,43.83102035522461,0.0,-1.649458090187579e-14,0.0,3.4036045235552592e-06,0.0,0.0
187,0.0,0.0,0.1442640721797943,0.0,0.0,0.0,44.068389892578125,0.0,6.023058842039714e-14,0.0,3.4220370253024157e-06,0.0,0.0
188,0.0,0.0,0.13705919682979584,0.0,0.0,0.0,42.091331481933594,0.0,7.620868590048693e-14,0.0,3.2685127280274173e-06,0.0,0.0
189,0.0,0.0,0.1461871862411499,0.0,0.0,0.0,43.751468658447266,0.0,3.143654363517087e-15,0.0,3.3974272355408175e-06,0.0,0.0
190,0.0,0.0,0.13699018955230713,0.0,0.0,0.0,43.50579833984375,0.0,3.169955075342512e-14,0.0,3.3783501294237794e-06,0.0,0.0
191,0.0,0.0,0.1477353572845459,0.0,0.0,0.0,43.171356201171875,0.0,1.569284727664065e-14,0.0,3.352379735588329e-06,0.0,0.0
192,0.0,0.0,0.14545443654060364,0.0,0.0,0.0,43.80419158935547,0.0,-2.942062893762816e-14,0.0,3.4015213259408483e-06,0.0,0.0
193,0.0,0.0,0.14577607810497284,0.0,0.0,0.0,43.58370590209961,0.0,2.1196503143731775e-14,0.0,3.3843998608062975e-06,0.0,0.0
194,0.0,0.0,0.13167059421539307,0.0,0.0,0.0,42.89035415649414,0.0,4.5205853627496365e-14,0.0,3.330559138703393e-06,0.0,0.0
195,0.0,0.0,0.13609933853149414,0.0,0.0,0.0,43.6750373840332,0.0,9.239852128859957e-15,0.0,3.391492100490723e-06,0.0,0.0
196,0.0,0.0,0.14554691314697266,0.0,0.0,0.0,43.224002838134766,0.0,2.4001439196037234e-14,0.0,3.3564679142727982e-06,0.0,0.0
197,0.0,0.0,0.14929474890232086,0.0,0.0,0.0,43.73809051513672,0.0,1.5066546033243138e-14,0.0,3.3963883652177174e-06,0.0,0.0
198,0.0,0.0,0.15656934678554535,0.0,0.0,0.0,44.12300109863281,0.0,-8.908056617926239e-15,0.0,3.4262777717231074e-06,0.0,0.0
199,0.0,0.0,0.1467190533876419,0.0,0.0,0.0,43.463653564453125,0.0,-1.3955475287456457e-16,0.0,3.375077540113125e-06,0.0,0.0
200,0.0,0.0,0.15027493238449097,0.0,0.0,0.0,43.679603576660156,0.0,4.584119271244108e-14,0.0,3.391846576050739e-06,0.0,0.0
201,0.0,0.0,0.14030180871486664,0.0,0.0,0.0,43.9814567565918,0.0,4.740567611854693e-14,0.0,3.415286300878506e-06,0.0,0.0
202,0.0,0.0,0.1324249505996704,0.0,0.0,0.0,41.3651123046875,0.0,-4.800005607829422e-14,0.0,3.2121197364176624e-06,0.0,0.0
203,0.0,0.0,0.14806723594665527,0.0,0.0,0.0,44.03965759277344,0.0,1.5815734604870068e-15,0.0,3.4198058074252913e-06,0.0,0.0
204,0.0,0.0,0.14973361790180206,0.0,0.0,0.0,43.47723388671875,0.0,-1.8044513976013705e-14,0.0,3.3761320992198307e-06,0.0,0.0
205,0.0,0.0,0.147481307387352,0.0,0.0,0.0,43.46467971801758,0.0,1.2885649646366022e-14,0.0,3.37515712089953e-06,0.0,0.0
206,0.0,0.0,0.13921818137168884,0.0,0.0,0.0,42.7230224609375,0.0,1.1276758335714704e-13,0.0,3.3175654152728384e-06,0.0,0.0
207,0.0,0.0,0.15996043384075165,0.0,0.0,0.0,43.93739318847656,0.0,1.0342024105321462e-14,0.0,3.4118647818104364e-06,0.0,0.0
208,0.0,0.0,0.17244958877563477,0.0,0.0,0.0,44.38573455810547,0.0,1.8393542372259312e-14,0.0,3.446679784246953e-06,0.0,0.0
209,0.0,0.0,0.147095188498497,0.0,0.0,0.0,43.45884704589844,0.0,5.714795092226846e-14,0.0,3.374704192538047e-06,0.0,0.0
210,0.0,0.0,0.1486615389585495,0.0,0.0,0.0,43.37165832519531,0.0,1.716014889864212e-14,0.0,3.367933686604374e-06,0.0,0.0
211,0.0,0.0,0.15613839030265808,0.0,0.0,0.0,43.61054992675781,0.0,-4.8541886961026796e-15,0.0,3.386484422662761e-06,0.0,0.0
212,0.0,0.0,0.13795635104179382,0.0,0.0,0.0,44.00933837890625,0.0,-1.6796007952309838e-15,0.0,3.417451580389752e-06,0.0,0.0
213,0.0,0.0,0.15077602863311768,0.0,0.0,0.0,43.75845718383789,0.0,4.833961803432131e-14,0.0,3.397969749130425e-06,0.0,0.0
214,0.0,0.0,0.14204254746437073,0.0,0.0,0.0,42.98065185546875,0.0,-1.1212122606762444e-14,0.0,3.3375711154803867e-06,0.0,0.0
215,0.0,0.0,0.14874659478664398,0.0,0.0,0.0,43.42582702636719,0.0,-1.808801928225058e-14,0.0,3.372140099600074e-06,0.0,0.0
216,0.0,0.0,0.15791642665863037,0.0,0.0,0.0,43.674076080322266,0.0,1.739363522461866e-14,0.0,3.391417294551502e-06,0.0,0.0
217,0.0,0.0,0.15302662551403046,0.0,0.0,0.0,44.13239288330078,0.0,3.3879176590881355e-14,0.0,3.427006959100254e-06,0.0,0.0
218,0.0,0.0,0.1472799926996231,0.0,0.0,0.0,43.570213317871094,0.0,-3.603987283015323e-16,0.0,3.383352122909855e-06,0.0,0.0
219,0.0,0.0,0.14047564566135406,0.0,0.0,0.0,43.84067153930664,0.0,-5.860593433481718e-15,0.0,3.40435394718952e-06,0.0,0.0
220,0.0,0.0,0.15024226903915405,0.0,0.0,0.0,43.75298309326172,0.0,-6.222969459613453e-14,0.0,3.3975447877310216e-06,0.0,0.0
221,0.0,0.0,0.14019039273262024,0.0,0.0,0.0,43.15142059326172,0.0,-2.1003413513075685e-14,0.0,3.3508317756059114e-06,0.0,0.0
222,0.0,0.0,0.16860540211200714,0.0,0.0,0.0,43.81231689453125,0.0,3.0294397632829595e-14,0.0,3.4021522878902033e-06,0.0,0.0
223,0.0,0.0,0.15369723737239838,0.0,0.0,0.0,43.93946838378906,0.0,-2.214005041312802e-14,0.0,3.41202576237265e-06,0.0,0.0
224,0.0,0.0,0.15562288463115692,0.0,0.0,0.0,44.14016342163086,0.0,-2.0679811351840757e-14,0.0,3.4276104088348802e-06,0.0,0.0
225,0.0,0.0,0.1491638869047165,0.0,0.0,0.0,44.292503356933594,0.0,-8.552672192323554e-16,0.0,3.4394399790471653e-06,0.0,0.0
226,0.0,0.0,0.1545110046863556,0.0,0.0,0.0,44.36053466796875,0.0,-1.4694211101937355e-15,0.0,3.4447227790224133e-06,0.0,0.0
227,0.0,0.0,0.14277265965938568,0.0,0.0,0.0,43.50550842285156,0.0,-3.8759777044828844e-14,0.0,3.3783276194299106e-06,0.0,0.0
228,0.0,0.0,0.1547870934009552,0.0,0.0,0.0,43.50007247924805,0.0,-3.2179801493859364e-14,0.0,3.377905613888288e-06,0.0,0.0
229,0.0,0.0,0.1481257677078247,0.0,0.0,0.0,43.564414978027344,0.0,4.976652296100233e-15,0.0,3.3829019230324775e-06,0.0,0.0
230,0.0,0.0,0.1329154670238495,0.0,0.0,0.0,43.63945770263672,0.0,5.5411147133373195e-14,0.0,3.388729282960412e-06,0.0,0.0
231,0.0,0.0,0.14883510768413544,0.0,0.0,0.0,43.59144592285156,0.0,4.6534872038660885e-14,0.0,3.385000809430494e-06,0.0,0.0
232,0.0,0.0,0.1466032713651657,0.0,0.0,0.0,43.5248908996582,0.0,2.704127611934115e-14,0.0,3.3798328331613448e-06,0.0,0.0
233,0.0,0.0,0.15178966522216797,0.0,0.0,0.0,43.522071838378906,0.0,1.1568213563722257e-14,0.0,3.379613872311893e-06,0.0,0.0
234,0.0,0.0,0.1424281746149063,0.0,0.0,0.0,43.76669692993164,0.0,-1.246479624432504e-14,0.0,3.3986095786531223e-06,0.0,0.0
235,0.0,0.0,0.14722269773483276,0.0,0.0,0.0,44.19434356689453,0.0,-3.360359950368985e-14,0.0,3.4318177313252818e-06,0.0,0.0
236,0.0,0.0,0.14959648251533508,0.0,0.0,0.0,43.81522750854492,0.0,-2.868923673998128e-15,0.0,3.402378297323594e-06,0.0,0.0
237,0.0,0.0,0.146963968873024,0.0,0.0,0.0,43.83771896362305,0.0,3.0049472126900383e-15,0.0,3.4041247545246733e-06,0.0,0.0
238,0.0,0.0,0.14084185659885406,0.0,0.0,0.0,43.19546890258789,0.0,1.2856551947045469e-15,0.0,3.354252157805604e-06,0.0,0.0
239,0.0,0.0,0.15547442436218262,0.0,0.0,0.0,43.82697296142578,0.0,1.558959396037035e-14,0.0,3.4032902931357967e-06,0.0,0.0
240,0.0,0.0,0.1593351513147354,0.0,0.0,0.0,43.75752258300781,0.0,-1.639584735341204e-14,0.0,3.3978972169279587e-06,0.0,0.0
241,0.0,0.0,0.14102578163146973,0.0,0.0,0.0,43.91423034667969,0.0,4.2181976498984614e-14,0.0,3.410066028664005e-06,0.0,0.0
242,0.0,0.0,0.157793790102005,0.0,0.0,0.0,43.90751647949219,0.0,5.733327262552352e-16,0.0,3.4095446608262137e-06,0.0,0.0
243,0.0,0.0,0.15106269717216492,0.0,0.0,0.0,44.25677490234375,0.0,2.3233324308478617e-14,0.0,3.436665565459407e-06,0.0,0.0
244,0.0,0.0,0.15055860579013824,0.0,0.0,0.0,43.590396881103516,0.0,1.430485673762239e-14,0.0,3.3849194096546853e-06,0.0,0.0
245,0.0,0.0,0.15740777552127838,0.0,0.0,0.0,43.8018798828125,0.0,-5.266920746245388e-15,0.0,3.401341700737248e-06,0.0,0.0
246,0.0,0.0,0.14496134221553802,0.0,0.0,0.0,43.42478942871094,0.0,-3.339666596654384e-14,0.0,3.372059609318967e-06,0.0,0.0
247,0.0,0.0,0.15030927956104279,0.0,0.0,0.0,43.75121307373047,0.0,3.8579684287715424e-14,0.0,3.3974072266573785e-06,0.0,0.0
248,0.0,0.0,0.15159453451633453,0.0,0.0,0.0,43.824378967285156,0.0,5.0446639595670695e-15,0.0,3.403088840059354e-06,0.0,0.0
249,0.0,0.0,0.15051230788230896,0.0,0.0,0.0,43.44028854370117,0.0,1.422243704372276e-14,0.0,3.373263098183088e-06,0.0,0.0
250,0.0,0.0,0.15004406869411469,0.0,0.0,0.0,43.63604736328125,0.0,-5.912121242871923e-14,0.0,3.3884643926285207e-06,0.0,0.0
251,0.0,0.0,0.16436885297298431,0.0,0.0,0.0,44.02741241455078,0.0,8.103639592314197e-15,0.0,3.4188549307145877e-06,0.0,0.0
252,0.0,0.0,0.15400998294353485,0.0,0.0,0.0,43.703636169433594,0.0,-4.6644905853673955e-15,0.0,3.393712859178777e-06,0.0,0.0
253,0.0,0.0,0.13374343514442444,0.0,0.0,0.0,43.819175720214844,0.0,3.76035067680921e-15,0.0,3.4026847970380913e-06,0.0,0.0
254,0.0,0.0,0.1455853134393692,0.0,0.0,0.0,43.724647521972656,0.0,7.037260178885049e-14,0.0,3.3953444926737575e-06,0.0,0.0
255,0.0,0.0,0.15106341242790222,0.0,0.0,0.0,43.19586181640625,0.0,9.536420047737137e-14,0.0,3.3542826258781133e-06,0.0,0.0
256,0.0,0.0,0.14274726808071136,0.0,0.0,0.0,43.498863220214844,0.0,7.44852313508404e-15,0.0,3.37781170856033e-06,0.0,0.0
257,0.0,0.0,0.15721634030342102,0.0,0.0,0.0,43.70768737792969,0.0,2.99236174304985e-14,0.0,3.394027316971915e-06,0.0,0.0
258,0.0,0.0,0.14566268026828766,0.0,0.0,0.0,43.72367858886719,0.0,2.190232722834931e-14,0.0,3.3952692319871858e-06,0.0,0.0
259,0.0,0.0,0.13913306593894958,0.0,0.0,0.0,43.82149124145508,0.0,3.7804083322968973e-14,0.0,3.402864649615367e-06,0.0,0.0
260,0.0,0.0,0.14543747901916504,0.0,0.0,0.0,44.17406463623047,0.0,1.3924117968930425e-14,0.0,3.430242941249162e-06,0.0,0.0
261,0.0,0.0,0.14825785160064697,0.0,0.0,0.0,43.35127639770508,0.0,-5.278503074766143e-15,0.0,3.366351165823289e-06,0.0,0.0
262,0.0,0.0,0.14639562368392944,0.0,0.0,0.0,43.6324462890625,0.0,4.4250298819039843e-14,0.0,3.3881847230077256e-06,0.0,0.0
263,0.0,0.0,0.1474006026983261,0.0,0.0,0.0,42.590728759765625,0.0,-2.385341002410918e-14,0.0,3.3072924452426378e-06,0.0,0.0
264,0.0,0.0,0.1469610035419464,0.0,0.0,0.0,43.744300842285156,0.0,2.6131202996450356e-17,0.0,3.3968706247833325e-06,0.0,0.0
265,0.0,0.0,0.14367665350437164,0.0,0.0,0.0,43.977500915527344,0.0,4.671722467967758e-14,0.0,3.4149791190429823e-06,0.0,0.0
266,0.0,0.0,0.13798858225345612,0.0,0.0,0.0,43.733306884765625,0.0,-1.2076853460416676e-14,0.0,3.396016836632043e-06,0.0,0.0
267,0.0,0.0,0.14579765498638153,0.0,0.0,0.0,44.003074645996094,0.0,1.925657831298609e-15,0.0,3.4169650007243035e-06,0.0,0.0
268,0.0,0.0,0.1412559598684311,0.0,0.0,0.0,43.34142303466797,0.0,2.364824509175703e-14,0.0,3.3655858260317473e-06,0.0,0.0
269,0.0,0.0,0.14852005243301392,0.0,0.0,0.0,43.68424987792969,0.0,2.6886536752404946e-14,0.0,3.3922074180736672e-06,0.0,0.0
270,0.0,0.0,0.1468990445137024,0.0,0.0,0.0,43.71985626220703,0.0,4.638641680916036e-15,0.0,3.394972281967057e-06,0.0,0.0
271,0.0,0.0,0.15254630148410797,0.0,0.0,0.0,44.11072540283203,0.0,2.6190810994584576e-14,0.0,3.425324393901974e-06,0.0,0.0
272,0.0,0.0,0.1492861807346344,0.0,0.0,0.0,43.832557678222656,0.0,1.7703960991438325e-14,0.0,3.403723894734867e-06,0.0,0.0
273,0.0,0.0,0.13898226618766785,0.0,0.0,0.0,43.4649543762207,0.0,-2.2924692607553462e-14,0.0,3.375178494025022e-06,0.0,0.0
274,0.0,0.0,0.1512346863746643,0.0,0.0,0.0,43.322853088378906,0.0,8.611587463090709e-14,0.0,3.3641438221820863e-06,0.0,0.0
275,0.0,0.0,0.15073314309120178,0.0,0.0,0.0,43.681884765625,0.0,5.507207645645551e-14,0.0,3.392023700143909e-06,0.0,0.0
276,0.0,0.0,0.14384090900421143,0.0,0.0,0.0,43.658084869384766,0.0,1.7450276317801557e-14,0.0,3.3901756069099065e-06,0.0,0.0
277,0.0,0.0,0.15200279653072357,0.0,0.0,0.0,43.287559509277344,0.0,4.60866865774779e-14,0.0,3.361403287271969e-06,0.0,0.0
278,0.0,0.0,0.1470455527305603,0.0,0.0,0.0,43.5056266784668,0.0,-3.814731886088831e-15,0.0,3.3783367143769283e-06,0.0,0.0
279,0.0,0.0,0.14190417528152466,0.0,0.0,0.0,42.85762405395508,0.0,4.680762342394035e-14,0.0,3.3280175557592884e-06,0.0,0.0
280,0.0,0.0,0.14335353672504425,0.0,0.0,0.0,43.82379913330078,0.0,-2.123125012929404e-14,0.0,3.403043820071616e-06,0.0,0.0
281,0.0,0.0,0.14968585968017578,0.0,0.0,0.0,43.28094482421875,0.0,-5.160206368649313e-14,0.0,3.3608896501391428e-06,0.0,0.0
282,0.0,0.0,0.15090398490428925,0.0,0.0,0.0,43.88035202026367,0.0,-1.1882494127372651e-14,0.0,3.407435315239127e-06,0.0,0.0
283,0.0,0.0,0.15151499211788177,0.0,0.0,0.0,43.335289001464844,0.0,1.1051380740845522e-15,0.0,3.365109705555369e-06,0.0,0.0
284,0.0,0.0,0.1593938171863556,0.0,0.0,0.0,43.32892608642578,0.0,3.1840519058704865e-15,0.0,3.3646153951849556e-06,0.0,0.0
285,0.0,0.0,0.12412688136100769,0.0,0.0,0.0,42.64854049682617,0.0,1.554637156313786e-14,0.0,3.311781711090589e-06,0.0,0.0
286,0.0,0.0,0.13777871429920197,0.0,0.0,0.0,43.74753952026367,0.0,5.401898749818855e-14,0.0,3.3971221000683727e-06,0.0,0.0
287,0.0,0.0,0.14647366106510162,0.0,0.0,0.0,43.527366638183594,0.0,-1.809592887591204e-14,0.0,3.3800249639170943e-06,0.0,0.0
288,0.0,0.0,0.13674406707286835,0.0,0.0,0.0,43.3526611328125,0.0,-1.8084770063864913e-14,0.0,3.3664584861980984e-06,0.0,0.0
289,0.0,0.0,0.1513228714466095,0.0,0.0,0.0,44.287940979003906,0.0,-5.193767508085423e-14,0.0,3.4390857308608247e-06,0.0,0.0
290,0.0,0.0,0.14133240282535553,0.0,0.0,0.0,43.157447814941406,0.0,2.3517093898335964e-14,0.0,3.3512997106299736e-06,0.0,0.0
291,0.0,0.0,0.13800427317619324,0.0,0.0,0.0,43.142887115478516,0.0,-1.0599381513817525e-14,0.0,3.3501689813419944e-06,0.0,0.0
292,0.0,0.0,0.13621407747268677,0.0,0.0,0.0,43.219505310058594,0.0,3.5607648963707425e-14,0.0,3.3561186683073174e-06,0.0,0.0
293,0.0,0.0,0.1450345367193222,0.0,0.0,0.0,43.25215148925781,0.0,1.4501546258304313e-14,0.0,3.358653657414834e-06,0.0,0.0
294,0.0,0.0,0.14664901793003082,0.0,0.0,0.0,43.146461486816406,0.0,2.4982137330500052e-14,0.0,3.3504466045997106e-06,0.0,0.0
295,0.0,0.0,0.13767525553703308,0.0,0.0,0.0,44.02546691894531,0.0,6.891010114959406e-14,0.0,3.4187039545940934e-06,0.0,0.0
296,0.0,0.0,0.14707306027412415,0.0,0.0,0.0,44.150177001953125,0.0,3.130447425803498e-14,0.0,3.428388026804896e-06,0.0,0.0
297,0.0,0.0,0.14531785249710083,0.0,0.0,0.0,43.72941589355469,0.0,1.138218734081332e-14,0.0,3.395714657017379e-06,0.0,0.0
298,0.0,0.0,0.14401672780513763,0.0,0.0,0.0,43.61827087402344,0.0,-3.8109182261229367e-16,0.0,3.387084007044905e-06,0.0,0.0
299,0.0,0.0,0.14080049097537994,0.0,0.0,0.0,43.740570068359375,0.0,3.907504948406047e-14,0.0,3.3965807233471423e-06,0.0,0.0
300,0.0,0.0,0.1478218287229538,0.0,0.0,0.0,43.972068786621094,0.0,-2.058376120375391e-14,0.0,3.414557340875035e-06,0.0,0.0
301,0.0,0.0,0.15308380126953125,0.0,0.0,0.0,43.853973388671875,0.0,1.4782491840315513e-14,0.0,3.4053869057970587e-06,0.0,0.0
302,0.0,0.0,0.1519845724105835,0.0,0.0,0.0,44.294761657714844,0.0,4.549400068362512e-14,0.0,3.4396155115246074e-06,0.0,0.0
303,0.0,0.0,0.1547660231590271,0.0,0.0,0.0,43.469329833984375,0.0,3.928325018249558e-14,0.0,3.375518190296134e-06,0.0,0.0
304,0.0,0.0,0.13902410864830017,0.0,0.0,0.0,43.526512145996094,0.0,2.656879605916502e-14,0.0,3.379958570803865e-06,0.0,0.0
305,0.0,0.0,0.14449511468410492,0.0,0.0,0.0,43.786766052246094,0.0,-9.653911649037603e-14,0.0,3.40016799782461e-06,0.0,0.0
306,0.0,0.0,0.13884221017360687,0.0,0.0,0.0,43.528465270996094,0.0,2.1426457342318267e-14,0.0,3.3801102290453855e-06,0.0,0.0
307,0.0,0.0,0.15403366088867188,0.0,0.0,0.0,43.62850570678711,0.0,3.1337669479237877e-15,0.0,3.387878678040579e-06,0.0,0.0
308,0.0,0.0,0.15270037949085236,0.0,0.0,0.0,43.93604278564453,0.0,9.10029752156918e-15,0.0,3.411759962546057e-06,0.0,0.0
309,0.0,0.0,0.15860261023044586,0.0,0.0,0.0,43.950592041015625,0.0,-3.3310928021073336e-15,0.0,3.412889554965659e-06,0.0,0.0
310,0.0,0.0,0.14423856139183044,0.0,0.0,0.0,43.70157241821289,0.0,-2.7671531312536447e-14,0.0,3.3935525607375894e-06,0.0,0.0
311,0.0,0.0,0.14885284006595612,0.0,0.0,0.0,43.94047164916992,0.0,-2.324970973732678e-15,0.0,3.4121037515433272e-06,0.0,0.0
312,0.0,0.0,0.1381031721830368,0.0,0.0,0.0,43.04741287231445,0.0,3.5410181866779925e-14,0.0,3.3427552352804923e-06,0.0,0.0
313,0.0,0.0,0.15502478182315826,0.0,0.0,0.0,43.50218200683594,0.0,5.427323968389998e-14,0.0,3.378069322934607e-06,0.0,0.0
314,0.0,0.0,0.14835931360721588,0.0,0.0,0.0,43.57877731323242,0.0,-1.4862298437572866e-15,0.0,3.3840171909105266e-06,0.0,0.0
315,0.0,0.0,0.15333802998065948,0.0,0.0,0.0,43.58875274658203,0.0,-1.482882284846443e-14,0.0,3.3847918530227616e-06,0.0,0.0
316,0.0,0.0,0.15185785293579102,0.0,0.0,0.0,43.02995681762695,0.0,8.149828298927974e-15,0.0,3.3413996334275e-06,0.0,0.0
317,0.0,0.0,0.15125930309295654,0.0,0.0,0.0,43.76962661743164,0.0,5.865791251162544e-14,0.0,3.398837179702241e-06,0.0,0.0
318,0.0,0.0,0.15031205117702484,0.0,0.0,0.0,43.967376708984375,0.0,-8.867235559099212e-15,0.0,3.414193088246975e-06,0.0,0.0
319,0.0,0.0,0.14723841845989227,0.0,0.0,0.0,43.38625717163086,0.0,7.254785016003532e-14,0.0,3.369067371750134e-06,0.0,0.0
320,0.0,0.0,0.15164430439472198,0.0,0.0,0.0,43.40324401855469,0.0,-6.795525636650558e-16,0.0,3.3703865938150557e-06,0.0,0.0
321,0.0,0.0,0.14054249227046967,0.0,0.0,0.0,43.69515609741211,0.0,-1.502346424347989e-14,0.0,3.3930543850146933e-06,0.0,0.0
322,0.0,0.0,0.14058159291744232,0.0,0.0,0.0,43.65336990356445,0.0,1.62485229128961e-14,0.0,3.389809535292443e-06,0.0,0.0
323,0.0,0.0,0.14691106975078583,0.0,0.0,0.0,43.269264221191406,0.0,3.4199954744270136e-14,0.0,3.3599826565477997e-06,0.0,0.0
324,0.0,0.0,0.15080863237380981,0.0,0.0,0.0,43.696075439453125,0.0,5.421334767826552e-14,0.0,3.3931257803487824e-06,0.0,0.0
325,0.0,0.0,0.15686576068401337,0.0,0.0,0.0,43.71421813964844,0.0,-2.269954066226143e-15,0.0,3.3945345876418287e-06,0.0,0.0
326,0.0,0.0,0.1431020349264145,0.0,0.0,0.0,43.55118179321289,0.0,1.4021721575442538e-14,0.0,3.381874194019474e-06,0.0,0.0
327,0.0,0.0,0.1439432054758072,0.0,0.0,0.0,43.638336181640625,0.0,6.970251487131056e-15,0.0,3.388641971469042e-06,0.0,0.0
328,0.0,0.0,0.14581851661205292,0.0,0.0,0.0,44.53175354003906,0.0,-2.8997020984442706e-14,0.0,3.4580184546939563e-06,0.0,0.0
329,0.0,0.0,0.15339864790439606,0.0,0.0,0.0,44.07225036621094,0.0,6.2281252644600955e-15,0.0,3.42233670380665e-06,0.0,0.0
330,0.0,0.0,0.1377151906490326,0.0,0.0,0.0,43.32386779785156,0.0,3.414981039379268e-14,0.0,3.364222720847465e-06,0.0,0.0
331,0.0,0.0,0.15285350382328033,0.0,0.0,0.0,44.331756591796875,0.0,-3.0920982208747965e-15,0.0,3.4424881505401572e-06,0.0,0.0
332,0.0,0.0,0.1461736559867859,0.0,0.0,0.0,43.92638397216797,0.0,1.2284914398415486e-14,0.0,3.41100985679077e-06,0.0,0.0
333,0.0,0.0,0.1432058960199356,0.0,0.0,0.0,43.34156799316406,0.0,1.116155558684431e-14,0.0,3.3655971947155194e-06,0.0,0.0
334,0.0,0.0,0.14816541969776154,0.0,0.0,0.0,43.35434341430664,0.0,-2.5302773182353695e-14,0.0,3.3665892260614783e-06,0.0,0.0
335,0.0,0.0,0.14851467311382294,0.0,0.0,0.0,43.88346862792969,0.0,9.822790367555734e-15,0.0,3.4076772408297984e-06,0.0,0.0
336,0.0,0.0,0.15871603786945343,0.0,0.0,0.0,43.787498474121094,0.0,8.21649826220636e-15,0.0,3.4002250686171465e-06,0.0,0.0
337,0.0,0.0,0.14568504691123962,0.0,0.0,0.0,43.82029724121094,0.0,-3.21916667313845e-14,0.0,3.402771881155786e-06,0.0,0.0
338,0.0,0.0,0.14500953257083893,0.0,0.0,0.0,43.466209411621094,0.0,3.127382521787153e-14,0.0,3.375276037331787e-06,0.0,0.0
339,0.0,0.0,0.14892663061618805,0.0,0.0,0.0,43.56207275390625,0.0,7.039887759790727e-16,0.0,3.382720024092123e-06,0.0,0.0
340,0.0,0.0,0.1526707410812378,0.0,0.0,0.0,43.88418197631836,0.0,-2.451135133621843e-14,0.0,3.4077327200066065e-06,0.0,0.0
341,0.0,0.0,0.14844800531864166,0.0,0.0,0.0,43.930850982666016,0.0,1.3431297259558928e-14,0.0,3.4113566016458208e-06,0.0,0.0
342,0.0,0.0,0.14487512409687042,0.0,0.0,0.0,43.237831115722656,0.0,3.96581266361596e-14,0.0,3.3575418001419166e-06,0.0,0.0
343,0.0,0.0,0.14118780195713043,0.0,0.0,0.0,43.66236877441406,0.0,-1.0265325271947585e-14,0.0,3.39050825459708e-06,0.0,0.0
344,0.0,0.0,0.13909485936164856,0.0,0.0,0.0,43.366737365722656,0.0,4.609939884795029e-14,0.0,3.3675516988296295e-06,0.0,0.0
345,0.0,0.0,0.14395977556705475,0.0,0.0,0.0,43.37474060058594,0.0,5.86782548548867e-14,0.0,3.368173111084616e-06,0.0,0.0
346,0.0,0.0,0.15473519265651703,0.0,0.0,0.0,43.804229736328125,0.0,1.753255371016605e-14,0.0,3.401524281798629e-06,0.0,0.0
347,0.0,0.0,0.15735682845115662,0.0,0.0,0.0,43.892539978027344,0.0,1.1055759477666353e-14,0.0,3.4083816444763215e-06,0.0,0.0
348,0.0,0.0,0.16527526080608368,0.0,0.0,0.0,43.8277587890625,0.0,-1.8293141524142187e-13,0.0,3.4033512292808155e-06,0.0,0.0
349,0.0,0.0,0.14314761757850647,0.0,0.0,0.0,43.7888069152832,0.0,3.612745021354781e-15,0.0,3.400326477276394e-06,0.0,0.0
350,0.0,0.0,0.15604300796985626,0.0,0.0,0.0,43.51820755004883,0.0,4.749381497890642e-15,0.0,3.379313739060308e-06,0.0,0.0
351,0.0,0.0,0.14147594571113586,0.0,0.0,0.0,43.511924743652344,0.0,-3.3046791384383923e-15,0.0,3.3788257951528067e-06,0.0,0.0
352,0.0,0.0,0.14980202913284302,0.0,0.0,0.0,43.7752799987793,0.0,2.765867843459481e-14,0.0,3.399276238269522e-06,0.0,0.0
353,0.0,0.0,0.14730921387672424,0.0,0.0,0.0,44.19806671142578,0.0,3.950275368857885e-14,0.0,3.43210672326677e-06,0.0,0.0
354,0.0,0.0,0.15530240535736084,0.0,0.0,0.0,44.026973724365234,0.0,1.0783005763046285e-15,0.0,3.418820824663271e-06,0.0,0.0
355,0.0,0.0,0.1481514424085617,0.0,0.0,0.0,44.15008544921875,0.0,4.336932356752317e-15,0.0,3.4283809782209573e-06,0.0,0.0
356,0.0,0.0,0.14124491810798645,0.0,0.0,0.0,43.26004409790039,0.0,1.4171728569302433e-14,0.0,3.359266656843829e-06,0.0,0.0
357,0.0,0.0,0.13874737918376923,0.0,0.0,0.0,43.95930480957031,0.0,3.330753777170195e-14,0.0,3.413566219023778e-06,0.0,0.0
358,0.0,0.0,0.15695419907569885,0.0,0.0,0.0,43.70861053466797,0.0,2.2158271785889354e-14,0.0,3.394099167053355e-06,0.0,0.0
359,0.0,0.0,0.1507546603679657,0.0,0.0,0.0,44.12035369873047,0.0,1.0928493200857868e-15,0.0,3.4260722259205068e-06,0.0,0.0
360,0.0,0.0,0.1442996859550476,0.0,0.0,0.0,43.584739685058594,0.0,-1.095879114586468e-14,0.0,3.384480123713729e-06,0.0,0.0
361,0.0,0.0,0.14691227674484253,0.0,0.0,0.0,43.626644134521484,0.0,1.610091725744167e-14,0.0,3.387734068382997e-06,0.0,0.0
362,0.0,0.0,0.15273290872573853,0.0,0.0,0.0,43.592071533203125,0.0,4.350718326188649e-14,0.0,3.385049467397039e-06,0.0,0.0
363,0.0,0.0,0.14284859597682953,0.0,0.0,0.0,43.42385482788086,0.0,2.4622656547685327e-14,0.0,3.3719870771165006e-06,0.0,0.0
364,0.0,0.0,0.15070410072803497,0.0,0.0,0.0,42.90692901611328,0.0,-2.1174750067096864e-15,0.0,3.331846301080077e-06,0.0,0.0
365,0.0,0.0,0.16329018771648407,0.0,0.0,0.0,43.872093200683594,0.0,4.910971243787766e-15,0.0,3.4067938941007014e-06,0.0,0.0
366,0.0,0.0,0.14609096944332123,0.0,0.0,0.0,43.37378692626953,0.0,1.333947058715368e-13,0.0,3.3680989872664213e-06,0.0,0.0
367,0.0,0.0,0.15278615057468414,0.0,0.0,0.0,43.568641662597656,0.0,2.0538843046561013e-14,0.0,3.383230023246142e-06,0.0,0.0
368,0.0,0.0,0.14534933865070343,0.0,0.0,0.0,42.686920166015625,0.0,1.146382967022561e-15,0.0,3.3147618978546234e-06,0.0,0.0
369,0.0,0.0,0.1437477320432663,0.0,0.0,0.0,43.27663040161133,0.0,2.09357559093808e-14,0.0,3.3605545013415394e-06,0.0,0.0
370,0.0,0.0,0.14924338459968567,0.0,0.0,0.0,43.37799835205078,0.0,7.594433877611013e-15,0.0,3.368426177985384e-06,0.0,0.0
371,0.0,0.0,0.1575648933649063,0.0,0.0,0.0,43.82818603515625,0.0,-2.0817811653673322e-14,0.0,3.40338442583743e-06,0.0,0.0
372,0.0,0.0,0.14008140563964844,0.0,0.0,0.0,43.233131408691406,0.0,2.679733740679549e-14,0.0,3.3571768653928302e-06,0.0,0.0
373,0.0,0.0,0.15590515732765198,0.0,0.0,0.0,43.403099060058594,0.0,5.7283834488765836e-15,0.0,3.3703752251312835e-06,0.0,0.0
374,0.0,0.0,0.15881584584712982,0.0,0.0,0.0,43.62571334838867,0.0,9.712898007044855e-15,0.0,3.3876619909278816e-06,0.0,0.0
375,0.0,0.0,0.15554659068584442,0.0,0.0,0.0,43.768348693847656,0.0,-1.4002935231705385e-14,0.0,3.3987378174060723e-06,0.0,0.0
376,0.0,0.0,0.15317516028881073,0.0,0.0,0.0,43.63224792480469,0.0,1.759286753820824e-14,0.0,3.3881692615977954e-06,0.0,0.0
377,0.0,0.0,0.1485048234462738,0.0,0.0,0.0,43.784423828125,0.0,2.425823163355748e-15,0.0,3.3999860988842556e-06,0.0,0.0
378,0.0,0.0,0.1505337357521057,0.0,0.0,0.0,43.403663635253906,0.0,1.1863989845606934e-14,0.0,3.370419108250644e-06,0.0,0.0
379,0.0,0.0,0.14870840311050415,0.0,0.0,0.0,43.773380279541016,0.0,2.6684619344372572e-14,0.0,3.399128672754159e-06,0.0,0.0
380,0.0,0.0,0.14132963120937347,0.0,0.0,0.0,43.40818786621094,0.0,-2.526251836505191e-15,0.0,3.370770400579204e-06,0.0,0.0
381,0.0,0.0,0.15249885618686676,0.0,0.0,0.0,43.678497314453125,0.0,1.8065842953839838e-16,0.0,3.3917606288014213e-06,0.0,0.0
382,0.0,0.0,0.1524336040019989,0.0,0.0,0.0,43.50605010986328,0.0,2.316834841109474e-14,0.0,3.3783696835598676e-06,0.0,0.0
383,0.0,0.0,0.15285997092723846,0.0,0.0,0.0,43.820167541503906,0.0,7.722349913393337e-14,0.0,3.4027618767140666e-06,0.0,0.0
384,0.0,0.0,0.13645562529563904,0.0,0.0,0.0,42.74461364746094,0.0,8.293055641078045e-15,0.0,3.319242068755557e-06,0.0,0.0
385,0.0,0.0,0.15098711848258972,0.0,0.0,0.0,43.71931457519531,0.0,1.3310105479531677e-14,0.0,3.3949302178371e-06,0.0,0.0
386,0.0,0.0,0.15210755169391632,0.0,0.0,0.0,43.476654052734375,0.0,3.6861383086519983e-14,0.0,3.376087079232093e-06,0.0,0.0
387,0.0,0.0,0.15293580293655396,0.0,0.0,0.0,43.36113739013672,0.0,1.259312152407583e-15,0.0,3.3671167329885066e-06,0.0,0.0
388,0.0,0.0,0.14830388128757477,0.0,0.0,0.0,43.200714111328125,0.0,9.838892463883038e-15,0.0,3.3546593840583228e-06,0.0,0.0
389,0.0,0.0,0.14739668369293213,0.0,0.0,0.0,44.03181457519531,0.0,-3.54621630082035e-15,0.0,3.4191969007224543e-06,0.0,0.0
390,0.0,0.0,0.1543942540884018,0.0,0.0,0.0,44.49971008300781,0.0,3.96073487050376e-14,0.0,3.455530304563581e-06,0.0,0.0
391,0.0,0.0,0.13232913613319397,0.0,0.0,0.0,43.87646484375,0.0,6.7548455029301305e-15,0.0,3.407133362998138e-06,0.0,0.0
392,0.0,0.0,0.1427430808544159,0.0,0.0,0.0,43.527183532714844,0.0,3.153986810220874e-14,0.0,3.380010866749217e-06,0.0,0.0
393,0.0,0.0,0.14826521277427673,0.0,0.0,0.0,44.231075286865234,0.0,-7.368716537826687e-15,0.0,3.4346699067100417e-06,0.0,0.0
394,0.0,0.0,0.1485930234193802,0.0,0.0,0.0,43.725379943847656,0.0,6.442118397705001e-15,0.0,3.3954013360926183e-06,0.0,0.0
395,0.0,0.0,0.14578674733638763,0.0,0.0,0.0,43.446388244628906,0.0,1.1974871540600205e-14,0.0,3.3737367175490363e-06,0.0,0.0
396,0.0,0.0,0.15670162439346313,0.0,0.0,0.0,43.64209747314453,0.0,4.620420731671175e-15,0.0,3.3889341466419864e-06,0.0,0.0
397,0.0,0.0,0.15125185251235962,0.0,0.0,0.0,43.09718704223633,0.0,4.166585137213531e-15,0.0,3.346620360389352e-06,0.0,0.0
398,0.0,0.0,0.15295472741127014,0.0,0.0,0.0,43.877445220947266,0.0,3.650741225302715e-15,0.0,3.4072095331794117e-06,0.0,0.0
399,0.0,0.0,0.14903491735458374,0.0,0.0,0.0,44.30947494506836,0.0,5.6835934477686076e-14,0.0,3.4407578368700342e-06,0.0,0.0
400,0.0,0.0,0.1581147164106369,0.0,0.0,0.0,43.902320861816406,0.0,6.302804008958066e-14,0.0,3.4091412999259774e-06,0.0,0.0
401,0.0,0.0,0.15075626969337463,0.0,0.0,0.0,43.502708435058594,0.0,4.080394537336017e-14,0.0,3.378110250196187e-06,0.0,0.0
402,0.0,0.0,0.14787253737449646,0.0,0.0,0.0,43.955711364746094,0.0,4.419704628116244e-16,0.0,3.4132872315240093e-06,0.0,0.0
403,0.0,0.0,0.14235788583755493,0.0,0.0,0.0,43.17059326171875,0.0,-5.078634639433177e-15,0.0,3.3523203910590382e-06,0.0,0.0
404,0.0,0.0,0.1533614695072174,0.0,0.0,0.0,43.995853424072266,0.0,2.0315951408688727e-14,0.0,3.4164042972406605e-06,0.0,0.0
405,0.0,0.0,0.14326350390911102,0.0,0.0,0.0,43.01586151123047,0.0,2.2113495930231597e-14,0.0,3.340305056553916e-06,0.0,0.0
406,0.0,0.0,0.14957472681999207,0.0,0.0,0.0,44.158626556396484,0.0,5.593504039938177e-14,0.0,3.4290442272322252e-06,0.0,0.0
407,0.0,0.0,0.16003920137882233,0.0,0.0,0.0,43.69377136230469,0.0,-6.899979516244471e-15,0.0,3.3929468372662086e-06,0.0,0.0
408,0.0,0.0,0.15731599926948547,0.0,0.0,0.0,43.40571212768555,0.0,3.3536926999312624e-15,0.0,3.370578042449779e-06,0.0,0.0
409,0.0,0.0,0.1504359245300293,0.0,0.0,0.0,44.14592742919922,0.0,-4.367159574508034e-15,0.0,3.428058107601828e-06,0.0,0.0
410,0.0,0.0,0.14327730238437653,0.0,0.0,0.0,42.66343688964844,0.0,-2.2974694656495778e-14,0.0,3.3129383609775687e-06,0.0,0.0
411,0.0,0.0,0.14442555606365204,0.0,0.0,0.0,43.63705825805664,0.0,-4.330999737989748e-15,0.0,3.3885428365465486e-06,0.0,0.0
412,0.0,0.0,0.15647605061531067,0.0,0.0,0.0,44.03714370727539,0.0,-1.2204543677215261e-14,0.0,3.419610720811761e-06,0.0,0.0
413,0.0,0.0,0.15612372756004333,0.0,0.0,0.0,43.79775619506836,0.0,1.3795015748208767e-14,0.0,3.401021558602224e-06,0.0,0.0
414,0.0,0.0,0.15684522688388824,0.0,0.0,0.0,43.950965881347656,0.0,-1.0025625112269985e-14,0.0,3.4129186587961158e-06,0.0,0.0
415,0.0,0.0,0.1498079001903534,0.0,0.0,0.0,43.8121223449707,0.0,1.1215935949090983e-14,0.0,3.4021370538539486e-06,0.0,0.0
416,0.0,0.0,0.14358486235141754,0.0,0.0,0.0,44.26386260986328,0.0,-5.37908713610976e-14,0.0,3.437216037127655e-06,0.0,0.0
417,0.0,0.0,0.15021072328090668,0.0,0.0,0.0,42.99635314941406,0.0,4.897835202731862e-14,0.0,3.3387902931281133e-06,0.0,0.0
418,0.0,0.0,0.14982588589191437,0.0,0.0,0.0,43.41625213623047,0.0,2.3437853966120324e-14,0.0,3.3713965876813745e-06,0.0,0.0
419,0.0,0.0,0.15210877358913422,0.0,0.0,0.0,43.60723114013672,0.0,2.9757083976804724e-14,0.0,3.3862265809148084e-06,0.0,0.0
420,0.0,0.0,0.15352435410022736,0.0,0.0,0.0,44.21323776245117,0.0,-1.0768386609651386e-14,0.0,3.4332847462792415e-06,0.0,0.0
421,0.0,0.0,0.14248253405094147,0.0,0.0,0.0,43.1775016784668,0.0,9.075804886272965e-14,0.0,3.3528569929330843e-06,0.0,0.0
422,0.0,0.0,0.14556635916233063,0.0,0.0,0.0,43.438392639160156,0.0,-9.459608389574686e-14,0.0,3.3731159874150762e-06,0.0,0.0
423,0.0,0.0,0.1437384933233261,0.0,0.0,0.0,43.655948638916016,0.0,2.1079265313502307e-14,0.0,3.3900098515005084e-06,0.0,0.0
424,0.0,0.0,0.1560213267803192,0.0,0.0,0.0,43.57994079589844,0.0,2.552128735395457e-14,0.0,3.3841074582596775e-06,0.0,0.0
425,0.0,0.0,0.1359013468027115,0.0,0.0,0.0,42.95795440673828,0.0,-2.0085713454064905e-15,0.0,3.3358085147483507e-06,0.0,0.0
426,0.0,0.0,0.1545575112104416,0.0,0.0,0.0,43.390838623046875,0.0,9.853864618258705e-15,0.0,3.3694232115522027e-06,0.0,0.0
427,0.0,0.0,0.1534426212310791,0.0,0.0,0.0,43.970664978027344,0.0,-3.6456560100643143e-16,0.0,3.414448428884498e-06,0.0,0.0
428,0.0,0.0,0.1572689265012741,0.0,0.0,0.0,44.172637939453125,0.0,-6.659643404230073e-14,0.0,3.430132210269221e-06,0.0,0.0
429,0.0,0.0,0.1620609313249588,0.0,0.0,0.0,44.26113510131836,0.0,1.0466959770975576e-14,0.0,3.437004124862142e-06,0.0,0.0
430,0.0,0.0,0.15300455689430237,0.0,0.0,0.0,43.912506103515625,0.0,3.6046934967350964e-16,0.0,3.409932105569169e-06,0.0,0.0
431,0.0,0.0,0.1467493325471878,0.0,0.0,0.0,43.209320068359375,0.0,2.845306659011136e-14,0.0,3.3553276352904504e-06,0.0,0.0
432,0.0,0.0,0.1405097097158432,0.0,0.0,0.0,43.82622528076172,0.0,6.931365475072032e-14,0.0,3.4032323128485586e-06,0.0,0.0
433,0.0,0.0,0.1525486558675766,0.0,0.0,0.0,43.827205657958984,0.0,1.639690614459611e-14,0.0,3.4033082556561567e-06,0.0,0.0
434,0.0,0.0,0.15549823641777039,0.0,0.0,0.0,44.3594856262207,0.0,-4.5372243085589105e-15,0.0,3.4446413792466046e-06,0.0,0.0
435,0.0,0.0,0.1629275679588318,0.0,0.0,0.0,44.055198669433594,0.0,4.537507048156704e-14,0.0,3.421012706894544e-06,0.0,0.0
436,0.0,0.0,0.142808198928833,0.0,0.0,0.0,43.32372283935547,0.0,5.155615958294963e-15,0.0,3.364211352163693e-06,0.0,0.0
437,0.0,0.0,0.16096508502960205,0.0,0.0,0.0,43.68006896972656,0.0,1.0730093435952145e-13,0.0,3.3918827284651343e-06,0.0,0.0
